"FirstName","LastName","Department","Title","SamAccountName"
"Carlos","Kim","Sales","Sales Manager","ckim"
"Mei","Chen","Sales","Sales Manager","mchen"
"Kwame","Martin","Sales","Account Executive","kmartin"
"Mateo","Tremblay","IT","Help Desk Technician","mtremblay"
"Olivia","Patel","Sales","Sales Manager","opatel"
"James","Taylor","HR","HR Business Partner","jtaylor"
"Liam","Khan","Sales","Account Executive","lkhan"
"Carlos","Silva","IT","Systems Administrator","csilva"
"James","Cohen","IT","Network Analyst","jcohen"
"Liam","Patel","Finance","Accountant","lpatel"
"Lucas","Wilson","Finance","Financial Analyst","lwilson"
"Wei","Walker","Sales","Account Executive","wwalker"
"Mary","Walker","Sales","Sales Manager","mwalker"
"James","Nguyen","Sales","Account Executive","jnguyen"
"Mei","Patel","Sales","Account Executive","mpatel"
"Liam","Lee","Sales","Sales Manager","llee"
"Aisha","Cohen","Finance","Financial Analyst","acohen"
"Fatima","Roy","IT","Help Desk Technician","froy"
"Amara","Okafor","Sales","Sales Representative","aokafor"
"Yuki","Ali","Sales","Account Executive","yali"
"Zara","Khan","Sales","Account Executive","zkhan"
"Ethan","Kim","IT","SOC Analyst","ekim"
"Mei","Dubois","Sales","Account Executive","mdubois"
"Hannah","Walker","IT","Systems Administrator","hwalker"
"Mei","Adeyemi","Finance","Accountant","madeyemi"
"Daniel","Walker","Sales","Sales Representative","dwalker"
"Ethan","Martin","IT","SOC Analyst","emartin"
"Sofia","Adeyemi","Sales","Account Executive","sadeyemi"
"Mateo","Rossi","Finance","Financial Analyst","mrossi"
"Omar","Roy","Sales","Sales Manager","oroy"
"Omar","Adeyemi","Sales","Sales Representative","oadeyemi"
"Lucas","Taylor","IT","SOC Analyst","ltaylor"
"Priya","Silva","Sales","Account Executive","psilva"
"Olivia","Adeyemi","Sales","Sales Manager","oadeyemi2"
"Lucas","Adeyemi","Finance","Financial Analyst","ladeyemi"
"Sofia","Brown","Sales","Sales Representative","sbrown"
"Carlos","Lee","Sales","Sales Manager","clee"
"Elena","Adeyemi","Sales","Sales Representative","eadeyemi"
"Noah","Adeyemi","Sales","Sales Representative","nadeyemi"
"Sofia","Garcia","Sales","Account Executive","sgarcia"
"Chinedu","Nguyen","Sales","Sales Representative","cnguyen"
"Mei","Adeyemi","Sales","Sales Manager","madeyemi2"
"Ethan","Singh","Sales","Account Executive","esingh"
"Chinedu","Martin","Sales","Sales Representative","cmartin"
"Zara","Nguyen","HR","HR Coordinator","znguyen"
"Priya","Garcia","IT","Network Analyst","pgarcia"
"Liam","Okafor","Sales","Account Executive","lokafor"
"Amara","Okafor","Sales","Sales Manager","aokafor2"
"Daniel","Garcia","Finance","Accountant","dgarcia"
"Arjun","Taylor","Sales","Sales Manager","ataylor"
"Priya","Dubois","Executives","Director","pdubois"
"Kwame","Okafor","IT","Systems Administrator","kokafor"
"Grace","Garcia","HR","HR Coordinator","ggarcia"
"Omar","Martin","Sales","Account Executive","omartin"
"Wei","Smith","Finance","Payroll Specialist","wsmith"
"Elena","Martin","IT","SOC Analyst","emartin2"
"Kwame","Patel","Sales","Account Executive","kpatel"
"Priya","Wilson","Sales","Account Executive","pwilson"
"Kwame","Mensah","IT","Help Desk Technician","kmensah"
"Priya","Cohen","IT","Systems Administrator","pcohen"
"Carlos","Lee","HR","HR Business Partner","clee2"
"Daniel","Khan","Executives","Director","dkhan"
"Aisha","Chen","Executives","Vice President","achen"
"Arjun","Taylor","IT","SOC Analyst","ataylor2"
"Elena","Nguyen","Sales","Sales Representative","enguyen"
"Elena","Dubois","Executives","Director","edubois"
"Aisha","Brown","HR","HR Coordinator","abrown"
"Sofia","Khan","IT","Help Desk Technician","skhan"
"Zara","Brown","Sales","Account Executive","zbrown"
"James","Adeyemi","Executives","Director","jadeyemi"
"Priya","Patel","IT","Systems Administrator","ppatel"
"Arjun","Martin","Sales","Sales Manager","amartin"
"Elena","Singh","Sales","Sales Manager","esingh2"
"James","Tremblay","HR","Recruiter","jtremblay"
"Elena","Okafor","Sales","Sales Representative","eokafor"
"Carlos","Ivanova","IT","Network Analyst","civanova"
"Zara","Lee","Sales","Account Executive","zlee"
"Hannah","Smith","Sales","Account Executive","hsmith"
"Liam","Silva","HR","Recruiter","lsilva"
"Amara","Taylor","Sales","Sales Manager","ataylor3"
"Grace","Mensah","HR","HR Business Partner","gmensah"
"Zara","Patel","Finance","Financial Analyst","zpatel"
"Mei","Garcia","HR","HR Business Partner","mgarcia"
"Mei","Rossi","Sales","Account Executive","mrossi2"
"James","Adeyemi","IT","SOC Analyst","jadeyemi2"
"Amara","Nguyen","HR","Recruiter","anguyen"
"Yuki","Martin","Sales","Account Executive","ymartin"
"Mary","Cohen","Sales","Sales Manager","mcohen"
"Arjun","Lee","Sales","Sales Representative","alee"
"Yuki","Garcia","Sales","Sales Manager","ygarcia"
"Mateo","Chen","HR","HR Coordinator","mchen2"
"Kwame","Taylor","Finance","Payroll Specialist","ktaylor"
"Mei","Kim","Sales","Sales Representative","mkim"
"Amara","Silva","Executives","Vice President","asilva"
"Hannah","Silva","HR","Recruiter","hsilva"
"Fatima","Smith","HR","HR Coordinator","fsmith"
"Arjun","Wilson","Finance","Accountant","awilson"
"Elena","Singh","Sales","Sales Manager","esingh3"
"Amara","Nguyen","Sales","Sales Manager","anguyen2"
"Amara","Patel","Executives","Vice President","apatel"
"Mary","Taylor","HR","HR Business Partner","mtaylor"
"Aisha","Okafor","Sales","Sales Manager","aokafor3"
"Elena","Brown","IT","SOC Analyst","ebrown"
"Grace","Smith","HR","Recruiter","gsmith"
"Kwame","Brown","Sales","Account Executive","kbrown"
"Yuki","Patel","IT","Network Analyst","ypatel"
"Omar","Mensah","Sales","Sales Representative","omensah"
"Aisha","Brown","Sales","Account Executive","abrown2"
"Grace","Mensah","Sales","Sales Representative","gmensah2"
"Elena","Mensah","Sales","Sales Representative","emensah"
"Kwame","Tremblay","Sales","Sales Representative","ktremblay"
"Liam","Mensah","IT","SOC Analyst","lmensah"
"Grace","Garcia","IT","Network Analyst","ggarcia2"
"Fatima","Ivanova","IT","SOC Analyst","fivanova"
"Daniel","Cohen","IT","Network Analyst","dcohen"
"Kwame","Singh","Sales","Sales Representative","ksingh"
"Arjun","Taylor","IT","Systems Administrator","ataylor4"
"Noah","Taylor","Sales","Sales Manager","ntaylor"
"Hannah","Kim","HR","HR Coordinator","hkim"
"Olivia","Lee","Finance","Accountant","olee"
"Arjun","Silva","Sales","Account Executive","asilva2"
"Priya","Patel","Sales","Sales Manager","ppatel2"
"Kwame","Roy","Sales","Sales Manager","kroy"
"Kwame","Martin","Sales","Account Executive","kmartin2"
"Mei","Garcia","Sales","Sales Representative","mgarcia2"
"Arjun","Chen","Finance","Payroll Specialist","achen2"
"Fatima","Garcia","Finance","Accountant","fgarcia"
"Noah","Walker","Sales","Account Executive","nwalker"
"Noah","Smith","Sales","Sales Manager","nsmith"
"Fatima","Tremblay","Finance","Financial Analyst","ftremblay"
"Wei","Kim","HR","HR Business Partner","wkim"
"Wei","Ali","Finance","Payroll Specialist","wali"
"Arjun","Patel","Finance","Financial Analyst","apatel2"
"Daniel","Walker","HR","Recruiter","dwalker2"
"Fatima","Walker","Sales","Sales Manager","fwalker"
"Mei","Lee","Finance","Financial Analyst","mlee"
"Wei","Mensah","HR","Recruiter","wmensah"
"Fatima","Taylor","Sales","Sales Representative","ftaylor"
"Amara","Rossi","Finance","Accountant","arossi"
"Kwame","Martin","Sales","Sales Representative","kmartin3"
"Lucas","Nguyen","Sales","Sales Representative","lnguyen"
"Daniel","Patel","Finance","Financial Analyst","dpatel"
"Yuki","Rossi","HR","Recruiter","yrossi"
"Amara","Singh","Sales","Sales Representative","asingh"
"Zara","Cohen","Sales","Sales Representative","zcohen"
"Noah","Mensah","Sales","Sales Manager","nmensah"
"Liam","Silva","Sales","Sales Representative","lsilva2"
"Omar","Okafor","Sales","Account Executive","ookafor"
"Aisha","Patel","IT","Network Analyst","apatel3"
"Wei","Taylor","Sales","Sales Manager","wtaylor"
"Hannah","Ali","IT","SOC Analyst","hali"
"Fatima","Martin","Sales","Sales Representative","fmartin"
"Mei","Ali","Finance","Payroll Specialist","mali"
"Olivia","Singh","IT","Systems Administrator","osingh"
"Omar","Taylor","Finance","Accountant","otaylor"
"Arjun","Walker","Sales","Sales Representative","awalker"
"Arjun","Martin","Finance","Payroll Specialist","amartin2"
"Aisha","Ali","Finance","Accountant","aali"
"Ethan","Ali","IT","Network Analyst","eali"
"Elena","Roy","Finance","Payroll Specialist","eroy"
"Priya","Smith","HR","HR Business Partner","psmith"
"Ethan","Chen","Sales","Sales Manager","echen"
"Zara","Walker","Executives","Director","zwalker"
"Grace","Cohen","HR","Recruiter","gcohen"
"Mary","Khan","HR","HR Coordinator","mkhan"
"Priya","Ali","Finance","Accountant","pali"
"Olivia","Okafor","Sales","Sales Representative","ookafor2"
"Chinedu","Tremblay","Sales","Account Executive","ctremblay"
"Elena","Singh","Sales","Sales Representative","esingh4"
"Arjun","Ivanova","Sales","Sales Representative","aivanova"
"Amara","Martin","Sales","Account Executive","amartin3"
"Mei","Okafor","Finance","Accountant","mokafor"
"Fatima","Lee","Sales","Account Executive","flee"
"Wei","Garcia","Sales","Account Executive","wgarcia"
"Grace","Martin","Finance","Payroll Specialist","gmartin"
"Priya","Taylor","Sales","Sales Representative","ptaylor"
"Noah","Cohen","Sales","Sales Representative","ncohen"
"Mei","Ali","Sales","Account Executive","mali2"
"Carlos","Taylor","Finance","Payroll Specialist","ctaylor"
"Priya","Chen","Finance","Financial Analyst","pchen"
"Lucas","Silva","Finance","Financial Analyst","lsilva3"
"Ethan","Rossi","IT","Network Analyst","erossi"
"Kwame","Lee","Sales","Account Executive","klee"
"Yuki","Silva","HR","HR Business Partner","ysilva"
"Amara","Nguyen","Sales","Account Executive","anguyen3"
"Elena","Taylor","Finance","Financial Analyst","etaylor"
"Daniel","Rossi","Sales","Account Executive","drossi"
"Lucas","Taylor","IT","Network Analyst","ltaylor2"
"Aisha","Smith","Sales","Sales Representative","asmith"
"Omar","Taylor","Sales","Account Executive","otaylor2"
"Omar","Ivanova","Sales","Account Executive","oivanova"
"Mary","Lee","Sales","Sales Representative","mlee2"
"Olivia","Singh","Sales","Sales Manager","osingh2"
"Sofia","Chen","Sales","Sales Manager","schen"
"Noah","Khan","Sales","Sales Representative","nkhan"
"Yuki","Ali","Sales","Sales Manager","yali2"
"Olivia","Patel","Executives","Vice President","opatel2"
"Amara","Walker","Finance","Payroll Specialist","awalker2"
"Kwame","Silva","HR","HR Business Partner","ksilva"
"Priya","Smith","Sales","Account Executive","psmith2"
"Ethan","Adeyemi","Sales","Sales Representative","eadeyemi2"
"Zara","Okafor","HR","HR Coordinator","zokafor"
"Chinedu","Ivanova","Sales","Account Executive","civanova2"
"James","Chen","HR","HR Business Partner","jchen"
"Liam","Chen","Sales","Sales Manager","lchen"
"Omar","Taylor","Sales","Sales Representative","otaylor3"
"Wei","Smith","Finance","Financial Analyst","wsmith2"
"Elena","Taylor","Sales","Sales Representative","etaylor2"
"Priya","Silva","Sales","Account Executive","psilva2"
"Carlos","Garcia","Sales","Sales Representative","cgarcia"
"Omar","Cohen","Finance","Payroll Specialist","ocohen"
"James","Garcia","Sales","Sales Representative","jgarcia"
"Sofia","Tremblay","Sales","Account Executive","stremblay"
"Chinedu","Roy","HR","HR Coordinator","croy"
"Amara","Patel","HR","HR Business Partner","apatel4"
"Mei","Dubois","Sales","Sales Representative","mdubois2"
"Priya","Rossi","Sales","Account Executive","prossi"
"Olivia","Kim","Sales","Account Executive","okim"
"Sofia","Singh","Finance","Payroll Specialist","ssingh"
"Kwame","Mensah","Sales","Sales Manager","kmensah2"
"Priya","Mensah","Finance","Accountant","pmensah"
"Mateo","Silva","IT","Network Analyst","msilva"
"Chinedu","Tremblay","Finance","Accountant","ctremblay2"
"Grace","Dubois","Sales","Sales Manager","gdubois"
"Chinedu","Ali","Sales","Sales Representative","cali"
"Aisha","Wilson","IT","Systems Administrator","awilson2"
"Amara","Adeyemi","Sales","Sales Manager","aadeyemi"
"Chinedu","Tremblay","HR","HR Coordinator","ctremblay3"
"Arjun","Rossi","Sales","Account Executive","arossi2"
"Arjun","Singh","IT","Help Desk Technician","asingh2"
"Chinedu","Singh","Executives","Director","csingh"
"Zara","Wilson","Finance","Financial Analyst","zwilson"
"Mei","Singh","Sales","Sales Manager","msingh"
"Zara","Walker","Sales","Sales Representative","zwalker2"
"Kwame","Brown","Finance","Payroll Specialist","kbrown2"
"Ethan","Okafor","Finance","Payroll Specialist","eokafor2"
"Mary","Okafor","Sales","Account Executive","mokafor2"
"Zara","Brown","Finance","Payroll Specialist","zbrown2"
"Amara","Singh","Finance","Payroll Specialist","asingh3"
"Yuki","Smith","IT","Systems Administrator","ysmith"
"Wei","Kim","IT","SOC Analyst","wkim2"
"Mei","Lee","Finance","Financial Analyst","mlee3"
"Omar","Kim","Sales","Account Executive","okim2"
"Zara","Smith","Sales","Account Executive","zsmith"
"Wei","Garcia","Executives","Vice President","wgarcia2"
"Wei","Chen","Sales","Sales Representative","wchen"
"James","Khan","Sales","Sales Representative","jkhan"
"Grace","Taylor","Sales","Sales Representative","gtaylor"
"Aisha","Patel","Sales","Sales Representative","apatel5"
"Wei","Kim","Sales","Sales Representative","wkim3"
"James","Taylor","Sales","Sales Manager","jtaylor2"
"Elena","Walker","IT","SOC Analyst","ewalker"
"Lucas","Patel","Sales","Sales Representative","lpatel2"
"Mary","Nguyen","IT","Systems Administrator","mnguyen"
"Daniel","Adeyemi","Executives","Director","dadeyemi"
"Omar","Roy","Sales","Sales Manager","oroy2"
"Hannah","Walker","IT","SOC Analyst","hwalker2"
"Priya","Dubois","IT","SOC Analyst","pdubois2"
"Aisha","Wilson","Sales","Account Executive","awilson3"
"Noah","Dubois","Executives","Director","ndubois"
"Yuki","Garcia","Sales","Sales Representative","ygarcia2"
"Priya","Rossi","Sales","Account Executive","prossi2"
"Ethan","Ali","Sales","Sales Manager","eali2"
"Chinedu","Lee","Sales","Sales Representative","clee3"
"Mary","Silva","Finance","Payroll Specialist","msilva2"
"Mei","Garcia","Sales","Account Executive","mgarcia3"
"James","Walker","Finance","Financial Analyst","jwalker"
"Mateo","Walker","Sales","Sales Manager","mwalker2"
"Fatima","Ivanova","Sales","Sales Representative","fivanova2"
"Daniel","Nguyen","Sales","Sales Manager","dnguyen"
"Mateo","Patel","Sales","Account Executive","mpatel2"
"Zara","Martin","Sales","Sales Representative","zmartin"
"Mei","Singh","IT","Network Analyst","msingh2"
"Noah","Kim","IT","Help Desk Technician","nkim"
"Noah","Lee","Sales","Account Executive","nlee"
"Liam","Patel","Sales","Sales Manager","lpatel3"
"Chinedu","Ali","Finance","Financial Analyst","cali2"
"Zara","Chen","Sales","Sales Manager","zchen"
"Mary","Rossi","Finance","Payroll Specialist","mrossi3"
"Aisha","Martin","IT","Network Analyst","amartin4"
"Olivia","Lee","Sales","Account Executive","olee2"
"Amara","Dubois","Sales","Account Executive","adubois"
"Amara","Okafor","IT","Systems Administrator","aokafor4"
"Yuki","Roy","Sales","Sales Representative","yroy"
"Olivia","Ivanova","Executives","Director","oivanova2"
"Priya","Chen","Sales","Sales Manager","pchen2"
"Kwame","Kim","Sales","Account Executive","kkim"
"James","Singh","Finance","Accountant","jsingh"
"Arjun","Walker","Sales","Sales Representative","awalker3"
"Olivia","Tremblay","IT","Network Analyst","otremblay"
"Chinedu","Patel","Sales","Sales Manager","cpatel"
"Zara","Roy","Finance","Financial Analyst","zroy"
"Daniel","Ivanova","Finance","Accountant","divanova"
"Mateo","Walker","Sales","Sales Representative","mwalker3"
"Mary","Mensah","HR","Recruiter","mmensah"
"Carlos","Roy","IT","Network Analyst","croy2"
"Lucas","Walker","Sales","Sales Representative","lwalker"
"Mei","Chen","Sales","Account Executive","mchen3"
"Daniel","Rossi","Sales","Account Executive","drossi2"
"Olivia","Cohen","Sales","Account Executive","ocohen2"
"Mary","Patel","Finance","Accountant","mpatel3"
"Mary","Smith","Sales","Sales Representative","msmith"
"Noah","Okafor","Sales","Sales Manager","nokafor"
"Mary","Khan","Finance","Payroll Specialist","mkhan2"
"Ethan","Chen","Sales","Sales Manager","echen2"
"Zara","Wilson","Sales","Sales Manager","zwilson2"
"Priya","Brown","Sales","Sales Manager","pbrown"
"Aisha","Adeyemi","Sales","Account Executive","aadeyemi2"
"Amara","Singh","Sales","Account Executive","asingh4"
"Chinedu","Chen","Sales","Sales Manager","cchen"
"Sofia","Smith","Finance","Payroll Specialist","ssmith"
"Noah","Walker","Executives","Director","nwalker2"
"Priya","Smith","IT","Help Desk Technician","psmith3"
"Amara","Taylor","IT","Help Desk Technician","ataylor5"
"Noah","Rossi","Executives","Vice President","nrossi"
"Arjun","Cohen","HR","HR Coordinator","acohen2"
"Aisha","Brown","Executives","Vice President","abrown3"
"Priya","Kim","Sales","Sales Manager","pkim"
"Yuki","Patel","Sales","Sales Manager","ypatel2"
"Mateo","Taylor","Finance","Accountant","mtaylor2"
"Sofia","Kim","Sales","Account Executive","skim"
"Chinedu","Tremblay","HR","HR Business Partner","ctremblay4"
"Aisha","Walker","Sales","Sales Manager","awalker4"
"Wei","Lee","Finance","Financial Analyst","wlee"
"Kwame","Garcia","Sales","Account Executive","kgarcia"
"Zara","Nguyen","IT","SOC Analyst","znguyen2"
"Olivia","Okafor","Sales","Sales Manager","ookafor3"
"Carlos","Garcia","IT","Network Analyst","cgarcia2"
"Carlos","Dubois","Sales","Account Executive","cdubois"
"Ethan","Okafor","Sales","Sales Manager","eokafor3"
"Amara","Chen","Sales","Account Executive","achen3"
"Grace","Khan","Sales","Sales Manager","gkhan"
"Amara","Okafor","Finance","Accountant","aokafor5"
"Mateo","Chen","Finance","Accountant","mchen4"
"Liam","Smith","Sales","Account Executive","lsmith"
"Kwame","Mensah","Sales","Account Executive","kmensah3"
"Lucas","Walker","Sales","Account Executive","lwalker2"
"Aisha","Walker","Sales","Sales Representative","awalker5"
"Fatima","Cohen","HR","HR Business Partner","fcohen"
"Omar","Ali","IT","SOC Analyst","oali"
"Hannah","Ivanova","Sales","Sales Manager","hivanova"
"Amara","Dubois","Finance","Accountant","adubois2"
"Kwame","Adeyemi","IT","SOC Analyst","kadeyemi"
"Arjun","Roy","IT","Systems Administrator","aroy"
"Liam","Rossi","Finance","Payroll Specialist","lrossi"
"Mei","Roy","Sales","Sales Manager","mroy"
"Kwame","Ali","Sales","Sales Representative","kali"
"Kwame","Nguyen","HR","Recruiter","knguyen"
"Mei","Silva","Sales","Sales Manager","msilva3"
"Daniel","Dubois","Finance","Accountant","ddubois"
"Daniel","Roy","Sales","Sales Manager","droy"
"Zara","Khan","Sales","Sales Manager","zkhan2"
"Elena","Brown","Sales","Account Executive","ebrown2"
"Arjun","Singh","IT","SOC Analyst","asingh5"
"Aisha","Chen","Finance","Payroll Specialist","achen4"
"James","Roy","Sales","Sales Representative","jroy"
"James","Khan","IT","SOC Analyst","jkhan2"
"Grace","Adeyemi","Finance","Financial Analyst","gadeyemi"
"Liam","Brown","Executives","Director","lbrown"
"Mei","Ivanova","Sales","Account Executive","mivanova"
"Ethan","Taylor","Executives","Director","etaylor3"
"Arjun","Garcia","Sales","Sales Representative","agarcia"
"Omar","Walker","Sales","Sales Manager","owalker"
"Noah","Brown","Executives","Director","nbrown"
"Mary","Nguyen","Sales","Sales Representative","mnguyen2"
"Yuki","Patel","IT","Systems Administrator","ypatel3"
"Ethan","Nguyen","Executives","Director","enguyen2"
"Hannah","Lee","Sales","Account Executive","hlee"
"Aisha","Singh","IT","Systems Administrator","asingh6"
"Yuki","Patel","Sales","Sales Manager","ypatel4"
"Grace","Rossi","IT","SOC Analyst","grossi"
"Ethan","Wilson","Executives","Director","ewilson"
"Sofia","Mensah","Finance","Payroll Specialist","smensah"
"Carlos","Tremblay","HR","HR Business Partner","ctremblay5"
"Grace","Silva","HR","HR Coordinator","gsilva"
"Carlos","Wilson","Finance","Accountant","cwilson"
"Wei","Nguyen","Sales","Account Executive","wnguyen"
"Aisha","Ali","Sales","Sales Manager","aali2"
"Hannah","Ali","Sales","Account Executive","hali2"
"James","Martin","Finance","Financial Analyst","jmartin"
"Liam","Ivanova","IT","Network Analyst","livanova"
"Hannah","Nguyen","IT","Network Analyst","hnguyen"
"Mei","Garcia","HR","HR Business Partner","mgarcia4"
"Elena","Roy","Sales","Account Executive","eroy2"
"Liam","Smith","Sales","Sales Manager","lsmith2"
"Mary","Ali","Sales","Sales Representative","mali3"
"Mary","Singh","Finance","Accountant","msingh3"
"Mei","Kim","Sales","Sales Representative","mkim2"
"Fatima","Chen","IT","Systems Administrator","fchen"
"Yuki","Roy","Sales","Sales Manager","yroy2"
"Priya","Ali","Finance","Accountant","pali2"
"Noah","Dubois","Finance","Payroll Specialist","ndubois2"
"Carlos","Adeyemi","Sales","Sales Manager","cadeyemi"
"Elena","Wilson","Finance","Financial Analyst","ewilson2"
"Priya","Wilson","Sales","Account Executive","pwilson2"
"Mei","Cohen","Sales","Sales Representative","mcohen2"
"Chinedu","Smith","HR","Recruiter","csmith"
"Noah","Rossi","Sales","Sales Manager","nrossi2"
"Sofia","Dubois","Sales","Account Executive","sdubois"
"Kwame","Silva","Sales","Account Executive","ksilva2"
"Mary","Rossi","Finance","Financial Analyst","mrossi4"
"Mateo","Ali","Sales","Sales Manager","mali4"
"Grace","Mensah","IT","SOC Analyst","gmensah3"
"Mei","Mensah","Executives","Director","mmensah2"
"Mary","Khan","Sales","Sales Representative","mkhan3"
"Mateo","Lee","HR","HR Business Partner","mlee4"
"Amara","Garcia","Sales","Sales Manager","agarcia2"
"James","Patel","Sales","Sales Representative","jpatel"
"Kwame","Singh","Executives","Director","ksingh2"
"Yuki","Kim","Finance","Financial Analyst","ykim"
"Sofia","Roy","Sales","Sales Manager","sroy"
"Hannah","Wilson","Sales","Sales Representative","hwilson"
"Lucas","Okafor","IT","Systems Administrator","lokafor2"
"Ethan","Rossi","Sales","Sales Representative","erossi2"
"Wei","Rossi","Sales","Account Executive","wrossi"
"Priya","Dubois","Sales","Sales Representative","pdubois3"
"Ethan","Mensah","HR","Recruiter","emensah2"
"Grace","Tremblay","Sales","Sales Manager","gtremblay"
"Mateo","Kim","Finance","Payroll Specialist","mkim3"
"Daniel","Khan","Finance","Accountant","dkhan2"
"Chinedu","Garcia","Executives","Vice President","cgarcia3"
"Zara","Mensah","Sales","Account Executive","zmensah"
"Olivia","Wilson","Finance","Accountant","owilson"
"Elena","Ivanova","Finance","Financial Analyst","eivanova"
"Elena","Nguyen","Sales","Sales Manager","enguyen3"
"Liam","Brown","Sales","Sales Representative","lbrown2"
"Mateo","Martin","Sales","Sales Representative","mmartin"
"Chinedu","Walker","Sales","Sales Representative","cwalker"
"Priya","Martin","Sales","Sales Manager","pmartin"
"Amara","Chen","Sales","Account Executive","achen5"
"Aisha","Okafor","IT","Systems Administrator","aokafor6"
"Carlos","Lee","IT","Help Desk Technician","clee4"
"Zara","Mensah","Finance","Financial Analyst","zmensah2"
"Daniel","Lee","IT","Systems Administrator","dlee"
"Sofia","Lee","HR","Recruiter","slee"
"Wei","Dubois","Sales","Sales Representative","wdubois"
"Ethan","Dubois","IT","Help Desk Technician","edubois2"
"Zara","Singh","Sales","Sales Representative","zsingh"
"Arjun","Wilson","Sales","Account Executive","awilson4"
"Aisha","Lee","Finance","Payroll Specialist","alee2"
"Liam","Okafor","Sales","Sales Representative","lokafor3"
"Daniel","Patel","Sales","Sales Representative","dpatel2"
"Mateo","Taylor","Sales","Account Executive","mtaylor3"
"Elena","Smith","IT","Help Desk Technician","esmith"
"Hannah","Tremblay","Finance","Financial Analyst","htremblay"
"Kwame","Dubois","Sales","Sales Representative","kdubois"
"Mary","Wilson","Executives","Director","mwilson"
"Carlos","Walker","Sales","Sales Representative","cwalker2"
"Noah","Khan","HR","HR Business Partner","nkhan2"
"Priya","Nguyen","Sales","Sales Manager","pnguyen"
"Priya","Roy","Sales","Account Executive","proy"
"Kwame","Rossi","Executives","Vice President","krossi"
"Fatima","Chen","Sales","Sales Manager","fchen2"
"Fatima","Dubois","IT","Help Desk Technician","fdubois"
"Omar","Smith","Sales","Account Executive","osmith"
"Priya","Tremblay","Finance","Financial Analyst","ptremblay"
"Mary","Chen","Sales","Account Executive","mchen5"
"Elena","Nguyen","Finance","Accountant","enguyen4"
"Grace","Adeyemi","Finance","Accountant","gadeyemi2"
"Ethan","Singh","Executives","Vice President","esingh5"
"Yuki","Adeyemi","Sales","Account Executive","yadeyemi"
"Sofia","Patel","Finance","Financial Analyst","spatel"
"Olivia","Taylor","Finance","Accountant","otaylor4"
"Kwame","Roy","Sales","Sales Representative","kroy2"
"Liam","Rossi","IT","Network Analyst","lrossi2"
"Grace","Ivanova","Sales","Account Executive","givanova"
"Daniel","Roy","Executives","Director","droy2"
"Yuki","Smith","Sales","Sales Representative","ysmith2"
"Mary","Walker","Sales","Sales Manager","mwalker4"
"Grace","Garcia","Finance","Payroll Specialist","ggarcia3"
"Lucas","Chen","Sales","Sales Manager","lchen2"
"James","Okafor","Sales","Account Executive","jokafor"
"Elena","Khan","Sales","Sales Representative","ekhan"
"Sofia","Martin","Sales","Sales Representative","smartin"
"Arjun","Roy","Finance","Payroll Specialist","aroy2"
"Priya","Okafor","IT","Help Desk Technician","pokafor"
"Mateo","Dubois","IT","Network Analyst","mdubois3"
"Ethan","Smith","Sales","Account Executive","esmith2"
"Sofia","Garcia","Sales","Sales Manager","sgarcia2"
"Fatima","Patel","Finance","Financial Analyst","fpatel"
"James","Dubois","Finance","Payroll Specialist","jdubois"
"Carlos","Smith","IT","Network Analyst","csmith2"
"Priya","Ivanova","IT","Systems Administrator","pivanova"
"Amara","Adeyemi","Sales","Sales Manager","aadeyemi3"
"James","Smith","HR","HR Coordinator","jsmith"
"Priya","Ali","Finance","Financial Analyst","pali3"
"Grace","Silva","Finance","Accountant","gsilva2"
"Kwame","Okafor","Finance","Financial Analyst","kokafor2"
"Hannah","Lee","Sales","Account Executive","hlee2"
"Lucas","Chen","Finance","Financial Analyst","lchen3"
"Omar","Martin","Sales","Account Executive","omartin2"
"Mei","Lee","Finance","Payroll Specialist","mlee5"
"Chinedu","Chen","Sales","Sales Representative","cchen2"
"Grace","Walker","Sales","Account Executive","gwalker"
"Yuki","Lee","Finance","Financial Analyst","ylee"
"Amara","Ivanova","IT","SOC Analyst","aivanova2"
"Omar","Mensah","Sales","Account Executive","omensah2"
"Elena","Rossi","Sales","Sales Manager","erossi3"
"Elena","Walker","Sales","Sales Manager","ewalker2"
"Hannah","Okafor","Sales","Account Executive","hokafor"
